{"cameraMode":{"drawMode":0,"name":"Shaded","section":"Shading Mode"},"sceneLighting":true,"audioPlay":false,"sceneViewState":{"showFog":true,"showMaterialUpdate":true,"showSkybox":true,"showFlares":true,"showImageEffects":true,"showParticleSystems":true},"in2DMode":false,"pivot":{"x":689.8788452148438,"y":226.59011840820313,"z":-366.9435729980469},"rotation":{"x":-0.0015985077479854227,"y":0.01569429598748684,"z":0.00013462582137435675,"w":0.9999563097953796},"size":22.457557678222658,"orthographic":false}